{"cameraMode":{"drawMode":0,"name":"Shaded","section":"Shading Mode"},"sceneLighting":true,"audioPlay":false,"sceneViewState":{"showFog":true,"showMaterialUpdate":false,"showSkybox":true,"showFlares":true,"showImageEffects":true,"showParticleSystems":true},"in2DMode":false,"pivot":{"x":10.152033805847168,"y":20.19487190246582,"z":-0.13970661163330079},"rotation":{"x":0.38496294617652895,"y":-0.3885684311389923,"z":0.18313948810100556,"w":0.8168898224830627},"size":22.0,"orthographic":false}