{"cameraMode":{"drawMode":0,"name":"Shaded","section":"Shading Mode"},"sceneLighting":true,"audioPlay":false,"sceneViewState":{"showFog":true,"showMaterialUpdate":false,"showSkybox":true,"showFlares":true,"showImageEffects":true,"showParticleSystems":true},"in2DMode":false,"pivot":{"x":28.191741943359376,"y":39.740966796875,"z":-5.619383335113525},"rotation":{"x":0.25716477632522585,"y":-0.39383915066719057,"z":0.11577089875936508,"w":0.8748570084571838},"size":22.0,"orthographic":false}