{"cameraMode":{"drawMode":0,"name":"Shaded","section":"Shading Mode"},"sceneLighting":true,"audioPlay":false,"sceneViewState":{"showFog":true,"showMaterialUpdate":false,"showSkybox":true,"showFlares":true,"showImageEffects":true,"showParticleSystems":true},"in2DMode":false,"pivot":{"x":30.07876205444336,"y":158.89266967773438,"z":-64.34578704833985},"rotation":{"x":0.44742515683174136,"y":0.14246362447738648,"z":-0.07241535931825638,"w":0.8799434304237366},"size":22.0,"orthographic":false}